elapsed_s,gpu,util_pct,mem_used_mb,mem_total_mb
30,0,0,507,15360
30,1,100,427,15360
60,0,100,507,15360
60,1,0,427,15360
90,0,97,8385,15360
90,1,93,8311,15360
120,0,96,8445,15360
120,1,92,8371,15360
150,0,93,8517,15360
150,1,92,8425,15360
180,0,100,8549,15360
180,1,92,8437,15360
210,0,100,4311,15360
210,1,100,4161,15360
240,0,93,8507,15360
240,1,100,8403,15360
271,0,100,8517,15360
271,1,100,8431,15360
301,0,99,8523,15360
301,1,99,8437,15360
331,0,94,8605,15360
331,1,93,8409,15360
361,0,95,8523,15360
361,1,96,8417,15360
391,0,91,8515,15360
391,1,97,8403,15360
421,0,100,8505,15360
421,1,97,8421,15360
451,0,92,8521,15360
451,1,99,8447,15360
481,0,96,4409,15360
481,1,75,4219,15360
511,0,91,8535,15360
511,1,100,8429,15360
541,0,92,8547,15360
541,1,94,8399,15360
571,0,96,8523,15360
571,1,97,8485,15360
601,0,92,8539,15360
601,1,90,8429,15360
631,0,93,8565,15360
631,1,91,8537,15360
661,0,83,8503,15360
661,1,92,8425,15360
691,0,93,8531,15360
691,1,93,8393,15360
722,0,87,8507,15360
722,1,89,8457,15360
752,0,4,4429,15360
752,1,100,4133,15360
782,0,92,8543,15360
782,1,91,8427,15360
812,0,99,8533,15360
812,1,85,8395,15360
842,0,99,8507,15360
842,1,100,8407,15360
872,0,100,8533,15360
872,1,100,8419,15360
902,0,100,8523,15360
902,1,97,8395,15360
932,0,92,8551,15360
932,1,100,8395,15360
962,0,100,8529,15360
962,1,92,8511,15360
992,0,91,8533,15360
992,1,93,8431,15360
1022,0,90,8503,15360
1022,1,93,8395,15360
1052,0,67,4385,15360
1052,1,65,4203,15360
1082,0,96,8651,15360
1082,1,92,8413,15360
1112,0,91,8517,15360
1112,1,95,8429,15360
1142,0,100,8579,15360
1142,1,95,8413,15360
1173,0,95,8515,15360
1173,1,97,8487,15360
1203,0,97,8535,15360
1203,1,91,8489,15360
1233,0,91,8507,15360
1233,1,97,8391,15360
1263,0,96,8525,15360
1263,1,96,8435,15360
1293,0,80,8585,15360
1293,1,95,8403,15360
1323,0,93,8577,15360
1323,1,91,8525,15360
1353,0,30,5037,15360
1353,1,34,1061,15360
1383,0,85,8671,15360
1383,1,88,8439,15360
1413,0,99,8521,15360
1413,1,99,8427,15360
1443,0,99,8609,15360
1443,1,99,8429,15360
1473,0,92,8527,15360
1473,1,93,8421,15360
1503,0,99,8527,15360
1503,1,91,8419,15360
1533,0,90,8509,15360
1533,1,92,8483,15360
1563,0,96,8543,15360
1563,1,95,8431,15360
1593,0,97,8509,15360
1593,1,98,8403,15360
1624,0,100,4409,15360
1624,1,98,4253,15360
1654,0,91,8543,15360
1654,1,94,8455,15360
1684,0,97,8555,15360
1684,1,94,8417,15360
1714,0,93,8505,15360
1714,1,93,8393,15360
1744,0,94,8577,15360
1744,1,90,8393,15360
1774,0,93,8539,15360
1774,1,93,8543,15360
1804,0,96,8531,15360
1804,1,97,8437,15360
1834,0,93,8549,15360
1834,1,95,8407,15360
1864,0,93,8677,15360
1864,1,93,8491,15360
1894,0,93,8505,15360
1894,1,87,8437,15360
1924,0,94,4375,15360
1924,1,100,4195,15360
1954,0,92,8531,15360
1954,1,92,8437,15360
1984,0,92,8547,15360
1984,1,99,8457,15360
2014,0,99,8515,15360
2014,1,93,8435,15360
2044,0,92,8507,15360
2044,1,99,8485,15360
2075,0,99,8549,15360
2075,1,90,8407,15360
2105,0,84,8587,15360
2105,1,100,8417,15360
2135,0,93,8529,15360
2135,1,91,8399,15360
2165,0,96,8557,15360
2165,1,100,8441,15360
2195,0,92,8507,15360
2195,1,100,8455,15360
2225,0,100,8507,15360
2225,1,86,8455,15360
2255,0,100,8635,15360
2255,1,93,8431,15360
2285,0,92,8557,15360
2285,1,92,8413,15360
2315,0,92,8515,15360
2315,1,93,8419,15360
2345,0,92,8537,15360
2345,1,99,8425,15360
2375,0,98,8523,15360
2375,1,92,8389,15360
2405,0,93,8505,15360
2405,1,93,8437,15360
2435,0,88,8513,15360
2435,1,90,8425,15360
2465,0,92,8523,15360
2465,1,93,8391,15360
2495,0,58,4397,15360
2495,1,99,4171,15360
2525,0,98,8535,15360
2525,1,100,8417,15360
2556,0,93,8537,15360
2556,1,97,8409,15360
2586,0,100,8519,15360
2586,1,99,8391,15360
