,val,val,val,val,test,test,test,test,test_tta,test_tta,test_tta,test_tta
,AP50,AP50-95,precision,recall,AP50,AP50-95,precision,recall,AP50,AP50-95,precision,recall
class,,,,,,,,,,,,
Hardhat,0.8592,0.617,0.9339,0.8188,0.7975,0.542,0.9183,0.7473,0.7928,0.5358,0.9081,0.733
Mask,0.9763,0.7667,0.9609,0.9345,0.9432,0.7137,0.9411,0.9194,0.9514,0.7372,0.9285,0.9073
NO-Hardhat,0.8676,0.5992,0.9188,0.8043,0.8894,0.5813,0.9217,0.8179,0.8796,0.5929,0.8971,0.8224
NO-Mask,0.8249,0.5129,0.9209,0.7433,0.8055,0.4587,0.8878,0.7346,0.7891,0.4558,0.8536,0.7036
NO-Safety Vest,0.9034,0.6753,0.9161,0.8535,0.8782,0.6445,0.9318,0.8194,0.883,0.6531,0.8975,0.8223
Person,0.929,0.7275,0.9638,0.8581,0.925,0.7124,0.9459,0.854,0.9201,0.7177,0.9227,0.848
Safety Cone,0.7027,0.3969,0.8468,0.6172,0.7447,0.3963,0.8583,0.6641,0.7146,0.3874,0.8576,0.5504
Safety Vest,0.8317,0.6284,0.9388,0.782,0.8273,0.5983,0.9103,0.7572,0.8167,0.6065,0.9203,0.7284
machinery,0.9555,0.829,0.952,0.9109,0.9565,0.8325,0.9663,0.9065,0.9621,0.8382,0.9427,0.9224
vehicle,0.8288,0.6155,0.8839,0.7612,0.8914,0.6781,0.8538,0.8324,0.8938,0.6817,0.8992,0.815
